Rank;Bib;FIS Code;Last Name;First Name;Year of Birth;NSA Code;Time;Difference;Distance (m);Race Points;Ski;Race Day
1;9;511383;FEUZ;Beat;1987;SUI;1:42.53;0;0;0;Head;18.01.2020
2;7;291459;PARIS;Dominik;1989;ITA;1:42.82;0.29;8.32;3.54;Nordica;18.01.2020
3;5;202535;DRESSEN;Thomas;1993;GER;1:42.84;0.31;8.89;3.78;Rossignol;18.01.2020
4;11;53902;MAYER;Matthias;1990;AUT;1:42.91;0.38;10.89;4.63;Head;18.01.2020
5;3;511513;CAVIEZEL;Mauro;1988;SUI;1:42.95;0.42;12.03;5.12;Atomic;18.01.2020
6;15;422139;KILDE;Aleksander Aamodt;1992;NOR;1:43.01;0.48;13.75;5.85;Atomic;18.01.2020
7;1;6530104;BENNETT;Bryce;1992;USA;1:43.40;0.87;24.82;10.61;Fischer;18.01.2020
8;23;512124;HINTERMANN;Niels;1995;SUI;1:43.46;0.93;26.52;11.34;Atomic;18.01.2020
8;13;53980;KRIECHMAYR;Vincent;1991;AUT;1:43.46;0.93;26.52;11.34;Fischer;18.01.2020
10;34;511981;WEBER;Ralph;1993;SUI;1:43.53;1;28.49;12.19;Head;18.01.2020
11;19;421483;JANSRUD;Kjetil;1985;NOR;1:43.61;1.08;30.75;13.17;Head;18.01.2020
12;24;54157;DANKLMAIER;Daniel;1993;AUT;1:43.63;1.1;31.31;13.41;Atomic;18.01.2020
13;38;202525;SCHMID;Manuel;1993;GER;1:43.69;1.16;33;14.14;Rossignol;18.01.2020
14;20;6530319;COCHRAN-SIEGLE;Ryan;1992;USA;1:43.83;1.3;36.94;15.85;Rossignol;18.01.2020
15;30;990081;CASSE;Mattia;1990;ITA;1:44.07;1.54;43.65;18.77;Head;18.01.2020
15;21;194858;ALLEGRE;Nils;1994;FRA;1:44.07;1.54;43.65;18.77;Salomon;18.01.2020
15;16;511313;JANKA;Carlo;1986;SUI;1:44.07;1.54;43.65;18.77;Rossignol;18.01.2020
15;10;54005;STRIEDINGER;Otmar;1991;AUT;1:44.07;1.54;43.65;18.77;Salomon;18.01.2020
19;42;104537;ALEXANDER;Cameron;1997;CAN;1:44.10;1.57;44.49;19.14;Rossignol;18.01.2020
19;12;194167;MUZATON;Maxence;1990;FRA;1:44.10;1.57;44.49;19.14;Rossignol;18.01.2020
21;8;533866;NYMAN;Steven;1982;USA;1:44.12;1.59;45.05;19.38;Fischer;18.01.2020
22;40;934643;GOLDBERG;Jared;1991;USA;1:44.15;1.62;45.89;19.75;Head;18.01.2020
23;44;6290393;CAZZANIGA;Davide;1992;ITA;1:44.18;1.65;46.72;20.12;Atomic;18.01.2020
24;33;51215;BAUMANN;Romed;1986;GER;1:44.33;1.8;50.9;21.94;Salomon;18.01.2020
25;14;6190176;BAILET;Matthieu;1996;FRA;1:44.35;1.82;51.45;22.19;Salomon;18.01.2020
26;45;512281;ROESTI;Lars;1998;SUI;1:44.37;1.84;52.01;22.43;Rossignol;18.01.2020
27;6;530874;GANONG;Travis;1988;USA;1:44.39;1.86;52.56;22.68;Atomic;18.01.2020
28;35;512039;ROULIN;Gilles;1994;SUI;1:44.56;2.03;57.27;24.75;Head;18.01.2020
28;4;103271;THOMSEN;Benjamin;1987;CAN;1:44.56;2.03;57.27;24.75;Head;18.01.2020
30;31;200379;SANDER;Andreas;1989;GER;1:44.61;2.08;58.66;25.36;Atomic;18.01.2020
31;39;53981;KROELL;Johannes;1991;AUT;1:44.62;2.09;58.93;25.48;Fischer;18.01.2020
32;22;293550;MARSAGLIA;Matteo;1985;ITA;1:44.63;2.1;59.21;25.6;Fischer;18.01.2020
33;36;6190006;SCHULLER;Victor;1995;FRA;1:44.67;2.14;60.31;26.09;Head;18.01.2020
34;32;561255;CATER;Martin;1992;SLO;1:44.68;2.15;60.59;26.21;Stoeckli;18.01.2020
35;49;512038;ROGENTIN;Stefan;1994;SUI;1:44.70;2.17;61.14;26.46;Fischer;18.01.2020
36;37;561217;KOSI;Klemen;1991;SLO;1:44.72;2.19;61.69;26.7;Atomic;18.01.2020
37;46;194298;GIEZENDANNER;Blaise;1991;FRA;1:44.74;2.21;62.24;26.94;Atomic;18.01.2020
38;41;104531;CRAWFORD;James;1997;CAN;1:44.79;2.26;63.62;27.55;Head;18.01.2020
39;28;194368;RAFFORT;Nicolas;1991;FRA;1:44.86;2.33;65.55;28.41;Rossignol;18.01.2020
40;52;422120;SAUGESTAD;Stian;1992;NOR;1:44.87;2.34;65.82;28.53;Head;18.01.2020
41;26;292455;FILL;Peter;1982;ITA;1:45.00;2.47;69.4;30.11;Atomic;18.01.2020
42;53;194542;GIRAUD MOINE;Valentin;1992;FRA;1:45.02;2.49;69.94;30.36;Salomon;18.01.2020
43;50;561216;KLINE;Bostjan;1991;SLO;1:45.03;2.5;70.22;30.48;Nordica;18.01.2020
44;25;54009;WALDER;Christian;1991;AUT;1:45.05;2.52;70.77;30.72;Head;18.01.2020
45;47;502004;KOELL;Alexander;1990;SWE;1:45.08;2.55;71.59;31.09;Atomic;18.01.2020
46;48;561310;HROBAT;Miha;1995;SLO;1:45.10;2.57;72.14;31.33;Atomic;18.01.2020
47;18;202059;FERSTL;Josef;1988;GER;1:45.15;2.62;73.5;31.94;Head;18.01.2020
48;43;104468;READ;Jeffrey;1997;CAN;1:45.40;2.87;80.33;34.99;Atomic;18.01.2020
49;54;6290845;BOSCA;Guglielmo;1993;ITA;1:45.62;3.09;86.3;37.67;Head;18.01.2020
50;2;53817;FRANZ;Max;1989;AUT;1:45.63;3.1;86.58;37.79;Fischer;18.01.2020
51;51;6531520;MORSE;Sam;1996;USA;1:45.69;3.16;88.2;38.53;Fischer;18.01.2020
52;55;54371;BABINSKY;Stefan;1996;AUT;1:45.74;3.21;89.55;39.13;Head;18.01.2020
53;29;202345;SCHWAIGER;Dominik;1991;GER;1:45.76;3.23;90.1;39.38;Head;18.01.2020
54;58;104529;MULLIGAN;Sam;1997;CAN;1:45.77;3.24;90.37;39.5;Rossignol;18.01.2020
55;56;492063;ETXEZARRETA;Adur;1996;ESP;1:46.30;3.77;104.62;45.96;Head;18.01.2020
56;27;6290985;BUZZI;Emanuele;1994;ITA;1:47.24;4.71;129.56;57.42;Head;18.01.2020
57;17;191740;CLAREY;Johan;1981;FRA;1:47.36;4.83;132.72;58.89;Head;18.01.2020
58;59;221053;STEUDLE;Roy-Alexander;1993;GBR;1:49.98;7.45;199.83;90.83;Unknown;18.01.2020
1;7;53980;KRIECHMAYR;Vincent;1991;AUT;2:28.36;0;0;0;Fischer;19.01.2019
2;5;511383;FEUZ;Beat;1987;SUI;2:28.50;0.14;4.03;1.18;Head;19.01.2019
3;17;422139;KILDE;Aleksander Aamodt;1992;NOR;2:28.62;0.26;7.47;2.19;Head;19.01.2019
4;3;421328;SVINDAL;Aksel Lund;1982;NOR;2:28.88;0.52;14.91;4.38;Head;19.01.2019
5;18;6530104;BENNETT;Bryce;1992;USA;2:28.99;0.63;18.06;5.31;Fischer;19.01.2019
6;25;6290985;BUZZI;Emanuele;1994;ITA;2:29.16;0.8;22.9;6.74;Head;19.01.2019
7;19;511513;CAVIEZEL;Mauro;1988;SUI;2:29.20;0.84;24.04;7.08;Atomic;19.01.2019
8;41;561255;CATER;Martin;1992;SLO;2:29.28;0.92;26.32;7.75;Stoeckli;19.01.2019
9;15;293006;INNERHOFER;Christof;1984;ITA;2:29.42;1.06;30.29;8.93;Rossignol;19.01.2019
10;8;512039;ROULIN;Gilles;1994;SUI;2:29.62;1.26;35.96;10.62;Head;19.01.2019
11;1;291459;PARIS;Dominik;1989;ITA;2:29.63;1.27;36.24;10.7;Nordica;19.01.2019
12;16;191740;CLAREY;Johan;1981;FRA;2:29.69;1.33;37.94;11.21;Head;19.01.2019
13;14;103271;THOMSEN;Benjamin;1987;CAN;2:29.75;1.39;39.63;11.71;Head;19.01.2019
14;12;194190;ROGER;Brice;1990;FRA;2:29.82;1.46;41.61;12.3;Rossignol;19.01.2019
14;6;50742;REICHELT;Hannes;1980;AUT;2:29.82;1.46;41.61;12.3;Salomon;19.01.2019
16;29;512124;HINTERMANN;Niels;1995;SUI;2:29.85;1.49;42.46;12.55;Atomic;19.01.2019
17;2;511313;JANKA;Carlo;1986;SUI;2:29.86;1.5;42.74;12.64;Rossignol;19.01.2019
18;39;202525;SCHMID;Manuel;1993;GER;2:30.17;1.81;51.47;15.25;Rossignol;19.01.2019
18;4;192746;THEAUX;Adrien;1984;FRA;2:30.17;1.81;51.47;15.25;Head;19.01.2019
20;46;990081;CASSE;Mattia;1990;ITA;2:30.42;2.06;58.48;17.36;Head;19.01.2019
21;26;54005;STRIEDINGER;Otmar;1991;AUT;2:30.43;2.07;58.76;17.44;Salomon;19.01.2019
22;11;421483;JANSRUD;Kjetil;1985;NOR;2:30.47;2.11;59.88;17.78;Head;19.01.2019
23;30;194167;MUZATON;Maxence;1990;FRA;2:30.48;2.12;60.16;17.86;Rossignol;19.01.2019
24;27;530874;GANONG;Travis;1988;USA;2:30.66;2.3;65.19;19.38;Atomic;19.01.2019
25;24;51215;BAUMANN;Romed;1986;AUT;2:30.80;2.44;69.09;20.56;Salomon;19.01.2019
26;28;54009;WALDER;Christian;1991;AUT;2:30.81;2.45;69.37;20.64;Head;19.01.2019
27;45;561216;KLINE;Bostjan;1991;SLO;2:30.85;2.49;70.48;20.98;Nordica;19.01.2019
28;20;202059;FERSTL;Josef;1988;GER;2:30.90;2.54;71.87;21.4;Head;19.01.2019
29;33;202345;SCHWAIGER;Dominik;1991;GER;2:30.99;2.63;74.38;22.16;Head;19.01.2019
30;37;934643;GOLDBERG;Jared;1991;USA;2:31.02;2.66;75.21;22.41;Head;19.01.2019
31;49;180570;ROMAR;Andreas;1989;FIN;2:31.08;2.72;76.88;22.92;Head;19.01.2019
32;36;194858;ALLEGRE;Nils;1994;FRA;2:31.11;2.75;77.71;23.17;Salomon;19.01.2019
33;43;6530319;COCHRAN-SIEGLE;Ryan;1992;USA;2:31.51;3.15;88.78;26.54;Rossignol;19.01.2019
34;48;293550;MARSAGLIA;Matteo;1985;ITA;2:31.60;3.24;91.26;27.3;Rossignol;19.01.2019
35;40;194298;GIEZENDANNER;Blaise;1991;FRA;2:31.74;3.38;95.11;28.48;Head;19.01.2019
36;22;53981;KROELL;Johannes;1991;AUT;2:31.94;3.58;100.61;30.16;Fischer;19.01.2019
37;35;194368;RAFFORT;Nicolas;1991;FRA;2:32.17;3.81;106.91;32.1;Rossignol;19.01.2019
38;42;561310;HROBAT;Miha;1995;SLO;2:32.27;3.91;109.65;32.94;Atomic;19.01.2019
39;52;110324;von APPEN;Henrik;1994;CHI;2:32.35;3.99;111.83;33.62;Head;19.01.2019
40;38;501987;MONSEN;Felix;1994;SWE;2:32.39;4.03;112.92;33.95;Atomic;19.01.2019
41;31;54080;NEUMAYER;Christopher;1992;AUT;2:32.51;4.15;116.19;34.97;Salomon;19.01.2019
42;44;531452;BIESEMEYER;Thomas;1989;USA;2:32.67;4.31;120.55;36.31;Atomic;19.01.2019
43;32;310426;VUKICEVIC;Marko;1992;SRB;2:33.24;4.88;135.98;41.12;Fischer;19.01.2019
44;34;292514;HEEL;Werner;1982;ITA;2:33.51;5.15;143.25;43.39;Atomic;19.01.2019
45;51;370031;ALESSANDRIA;Arnaud;1993;MON;2:34.06;5.7;157.98;48.03;Salomon;19.01.2019
46;50;170131;FAARUP;Christoffer;1992;DEN;2:34.81;6.45;177.91;54.34;Atomic;19.01.2019
47;53;700878;BENDIK;Martin;1993;SVK;2:37.95;9.59;259.25;80.8;Atomic;19.01.2019
48;55;54106;BREITFUSS KAMMERLANDER;Simon;1992;BOL;2:41.07;12.71;336.94;107.09;Voelkl;19.01.2019
1;18;421328;SVINDAL;Aksel Lund;1982;NOR;1:48.79;0;0;0;Head;16.01.2016
2;19;50742;REICHELT;Hannes;1980;AUT;1:48.98;0.19;4.68;2.18;Salomon;16.01.2016
3;4;50753;KROELL;Klaus;1980;AUT;1:50.31;1.52;36.96;17.46;Salomon;16.01.2016
4;17;291459;PARIS;Dominik;1989;ITA;1:50.36;1.57;38.15;18.04;Nordica;16.01.2016
5;6;293006;INNERHOFER;Christof;1984;ITA;1:50.38;1.59;38.63;18.27;Rossignol;16.01.2016
6;2;191964;POISSON;David;1982;FRA;1:50.42;1.63;39.59;18.73;Salomon;16.01.2016
7;10;192746;THEAUX;Adrien;1984;FRA;1:50.51;1.72;41.74;19.76;Head;16.01.2016
8;13;511313;JANKA;Carlo;1986;SUI;1:50.58;1.79;43.41;20.57;Rossignol;16.01.2016
9;15;292455;FILL;Peter;1982;ITA;1:50.60;1.81;43.89;20.8;Atomic;16.01.2016
10;9;53817;FRANZ;Max;1989;AUT;1:50.65;1.86;45.08;21.37;Atomic;16.01.2016
11;12;511383;FEUZ;Beat;1987;SUI;1:50.77;1.98;47.94;22.75;Head;16.01.2016
12;22;421483;JANSRUD;Kjetil;1985;NOR;1:50.92;2.13;51.5;24.47;Head;16.01.2016
13;5;200379;SANDER;Andreas;1989;GER;1:51.10;2.31;55.76;26.54;Atomic;16.01.2016
14;16;102263;GUAY;Erik;1981;CAN;1:51.20;2.41;58.13;27.69;Head;16.01.2016
15;48;422139;KILDE;Aleksander Aamodt;1992;NOR;1:51.23;2.44;58.83;28.04;Atomic;16.01.2016
16;14;533866;NYMAN;Steven;1982;USA;1:51.34;2.55;61.43;29.3;Fischer;16.01.2016
17;8;51215;BAUMANN;Romed;1986;AUT;1:51.36;2.57;61.9;29.53;Salomon;16.01.2016
18;7;53980;KRIECHMAYR;Vincent;1991;AUT;1:51.46;2.67;64.25;30.68;Fischer;16.01.2016
19;1;54005;STRIEDINGER;Otmar;1991;AUT;1:51.48;2.69;64.72;30.91;Rossignol;16.01.2016
20;24;511529;GISIN;Marc;1988;SUI;1:51.68;2.89;69.4;33.21;Rossignol;16.01.2016
21;23;530939;WEIBRECHT;Andrew;1986;USA;1:51.72;2.93;70.34;33.67;Head;16.01.2016
22;21;192932;FAYED;Guillermo;1985;FRA;1:51.77;2.98;71.51;34.24;Head;16.01.2016
23;11;191740;CLAREY;Johan;1981;FRA;1:51.86;3.07;73.61;35.27;Head;16.01.2016
24;38;561216;KLINE;Bostjan;1991;SLO;1:51.90;3.11;74.54;35.73;Stoeckli;16.01.2016
25;54;192504;MERMILLOD BLONDIN;T.;1984;FRA;1:51.97;3.18;76.17;36.54;Rossignol;16.01.2016
25;42;294277;KLOTZ;Siegmar;1987;ITA;1:51.97;3.18;76.17;36.54;Nordica;16.01.2016
27;39;934643;GOLDBERG;Jared;1991;USA;1:52.03;3.24;77.57;37.23;Head;16.01.2016
28;47;511847;MANI;Nils;1992;SUI;1:52.04;3.25;77.8;37.34;Stoeckli;16.01.2016
29;40;194298;GIEZENDANNER;Blaise;1991;FRA;1:52.38;3.59;85.68;41.25;Head;16.01.2016
30;3;533131;SULLIVAN;Marco;1980;USA;1:52.44;3.65;87.06;41.94;Atomic;16.01.2016
31;45;990081;CASSE;Mattia;1990;ITA;1:52.45;3.66;87.29;42.05;Head;16.01.2016
32;26;194167;MUZATON;Maxence;1990;FRA;1:52.47;3.68;87.75;42.28;Rossignol;16.01.2016
33;27;102899;OSBORNE-PARADIS;Manuel;1984;CAN;1:52.53;3.74;89.14;42.97;Rossignol;16.01.2016
34;46;930024;MAPLE;Wiley;1990;USA;1:52.54;3.75;89.37;43.09;Atomic;16.01.2016
35;52;110324;VON APPEN;Henrik;1994;CHI;1:52.56;3.77;89.83;43.32;Head;16.01.2016
36;44;380292;ZRNCIC  DIM;Natko;1986;CRO;1:52.66;3.87;92.13;44.47;Atomic;16.01.2016
37;37;561217;KOSI;Klemen;1991;SLO;1:52.71;3.92;93.28;45.04;Atomic;16.01.2016
38;36;194542;GIRAUD MOINE;Valentin;1992;FRA;1:52.74;3.95;93.97;45.39;Salomon;16.01.2016
39;25;50858;STREITBERGER;Georg;1981;AUT;1:52.80;4.01;95.34;46.08;Head;16.01.2016
40;51;6530104;BENNETT;Bryce;1992;USA;1:52.90;4.11;97.64;47.22;Fischer;16.01.2016
40;43;180570;ROMAR;Andreas;1989;FIN;1:52.90;4.11;97.64;47.22;Head;16.01.2016
42;20;530874;GANONG;Travis;1988;USA;1:52.94;4.15;98.55;47.68;Atomic;16.01.2016
43;53;6290393;CAZZANIGA;Davide;1992;ITA;1:53.30;4.51;106.76;51.82;Unknown;16.01.2016
44;41;103512;FRISCH;Jeffrey;1984;CAN;1:53.32;4.53;107.21;52.05;Head;16.01.2016
45;35;293141;VARETTONI;Silvano;1984;ITA;1:53.44;4.65;109.94;53.43;Head;16.01.2016
46;34;511981;WEBER;Ralph;1993;SUI;1:53.71;4.92;116.04;56.53;Head;16.01.2016
47;49;294904;PANGRAZZI;Paolo;1988;ITA;1:53.90;5.11;120.33;58.71;Head;16.01.2016
48;33;53933;SCHWEIGER;Patrick;1990;AUT;1:53.92;5.13;120.77;58.94;Salomon;16.01.2016
49;56;104096;THOMPSON;Broderick;1994;CAN;1:53.95;5.16;121.45;59.29;Unknown;16.01.2016
50;31;560447;SPORN;Andrej;1981;SLO;1:54.14;5.35;125.71;61.47;Stoeckli;16.01.2016
51;32;103762;WERRY;Tyler;1991;CAN;1:54.39;5.6;131.3;64.34;Head;16.01.2016
52;29;292514;HEEL;Werner;1982;ITA;1:54.43;5.64;132.19;64.8;Rossignol;16.01.2016
53;30;150398;BANK;Ondrej;1980;CZE;1:54.70;5.91;138.19;67.91;Nordica;16.01.2016
54;60;700879;ZAMPA;Andreas;1993;SVK;1:54.85;6.06;141.51;69.63;Salomon;16.01.2016
55;50;51332;SCHEIBER;Florian;1987;AUT;1:54.92;6.13;143.06;70.43;Rossignol;16.01.2016
56;58;20324;OLIVERAS;Marc;1991;AND;1:55.24;6.45;150.11;74.11;Unknown;16.01.2016
57;57;150743;BERNDT;Ondrej;1988;CZE;1:55.32;6.53;151.87;75.03;Atomic;16.01.2016
1;1;511383;FEUZ;Beat;1987;SUI;2:26.50;0;0;0;Head;13.01.2018
2;3;421328;SVINDAL;Aksel Lund;1982;NOR;2:26.68;0.18;5.24;1.54;Head;13.01.2018
3;11;53902;MAYER;Matthias;1990;AUT;2:27.17;0.67;19.44;5.72;Head;13.01.2018
4;19;50742;REICHELT;Hannes;1980;AUT;2:27.27;0.77;22.33;6.57;Salomon;13.01.2018
5;4;202535;DRESSEN;Thomas;1993;GER;2:27.43;0.93;26.94;7.94;Rossignol;13.01.2018
6;20;53980;KRIECHMAYR;Vincent;1991;AUT;2:27.48;0.98;28.37;8.36;Fischer;13.01.2018
7;21;194167;MUZATON;Maxence;1990;FRA;2:27.68;1.18;34.12;10.07;Rossignol;13.01.2018
8;7;291459;PARIS;Dominik;1989;ITA;2:27.72;1.22;35.27;10.41;Nordica;13.01.2018
9;5;421483;JANSRUD;Kjetil;1985;NOR;2:28.03;1.53;44.13;13.05;Head;13.01.2018
10;9;292455;FILL;Peter;1982;ITA;2:28.29;1.79;51.54;15.27;Atomic;13.01.2018
11;32;561255;CATER;Martin;1992;SLO;2:28.34;1.84;52.96;15.7;Stoeckli;13.01.2018
11;13;192746;THEAUX;Adrien;1984;FRA;2:28.34;1.84;52.96;15.7;Head;13.01.2018
13;15;53817;FRANZ;Max;1989;AUT;2:28.38;1.88;54.1;16.04;Atomic;13.01.2018
14;26;512039;ROULIN;Gilles;1994;SUI;2:28.50;2;57.51;17.06;Head;13.01.2018
15;42;512031;BARANDUN;Gian Luca;1994;SUI;2:28.66;2.16;62.04;18.43;Salomon;13.01.2018
16;22;54009;WALDER;Christian;1991;AUT;2:28.68;2.18;62.61;18.6;Head;13.01.2018
17;23;6530104;BENNETT;Bryce;1992;USA;2:28.74;2.24;64.31;19.11;Fischer;13.01.2018
17;17;422139;KILDE;Aleksander Aamodt;1992;NOR;2:28.74;2.24;64.31;19.11;Head;13.01.2018
19;39;511529;GISIN;Marc;1988;SUI;2:28.82;2.32;66.57;19.8;Rossignol;13.01.2018
20;2;102899;OSBORNE-PARADIS;Manuel;1984;CAN;2:28.86;2.36;67.7;20.14;Head;13.01.2018
21;12;561216;KLINE;Bostjan;1991;SLO;2:28.88;2.38;68.26;20.31;Stoeckli;13.01.2018
22;14;511513;CAVIEZEL;Mauro;1988;SUI;2:28.90;2.4;68.82;20.48;Atomic;13.01.2018
23;46;6290985;BUZZI;Emanuele;1994;ITA;2:28.92;2.42;69.39;20.65;Head;13.01.2018
24;40;202525;SCHMID;Manuel;1993;GER;2:28.93;2.43;69.67;20.73;Head;13.01.2018
25;25;194368;RAFFORT;Nicolas;1991;FRA;2:28.94;2.44;69.95;20.82;Rossignol;13.01.2018
26;37;422310;SEJERSTED;Adrian Smiseth;1994;NOR;2:28.98;2.48;71.08;21.16;Atomic;13.01.2018
27;16;51215;BAUMANN;Romed;1986;AUT;2:29.02;2.52;72.21;21.5;Salomon;13.01.2018
28;6;533866;NYMAN;Steven;1982;USA;2:29.12;2.62;75.02;22.35;Fischer;13.01.2018
29;29;191740;CLAREY;Johan;1981;FRA;2:29.18;2.68;76.71;22.87;Head;13.01.2018
29;18;200379;SANDER;Andreas;1989;GER;2:29.18;2.68;76.71;22.87;Atomic;13.01.2018
31;10;511139;KUENG;Patrick;1984;SUI;2:29.24;2.74;78.4;23.38;Salomon;13.01.2018
32;38;104096;THOMPSON;Broderick;1994;CAN;2:29.26;2.76;78.96;23.55;Head;13.01.2018
33;27;194190;ROGER;Brice;1990;FRA;2:29.50;3;85.69;25.6;Rossignol;13.01.2018
34;31;511847;MANI;Nils;1992;SUI;2:29.59;3.09;88.2;26.37;Stoeckli;13.01.2018
35;41;990081;CASSE;Mattia;1990;ITA;2:29.79;3.29;93.79;28.07;Head;13.01.2018
36;24;192932;FAYED;Guillermo;1985;FRA;2:29.87;3.37;96.02;28.75;Head;13.01.2018
37;33;561217;KOSI;Klemen;1991;SLO;2:30.10;3.6;102.41;30.72;Atomic;13.01.2018
38;52;103271;THOMSEN;Benjamin;1987;CAN;2:30.17;3.67;104.35;31.31;Head;13.01.2018
39;44;422120;SAUGESTAD;Stian;1992;NOR;2:30.18;3.68;104.63;31.4;Head;13.01.2018
40;45;512042;KRYENBUEHL;Urs;1994;SUI;2:30.20;3.7;105.19;31.57;Stoeckli;13.01.2018
41;56;180570;ROMAR;Andreas;1989;FIN;2:30.25;3.75;106.57;32;Head;13.01.2018
42;51;501987;MONSEN;Felix;1994;SWE;2:30.74;4.24;120.11;36.18;Atomic;13.01.2018
43;53;170131;FAARUP;Christoffer;1992;DEN;2:30.93;4.43;125.33;37.8;Atomic;13.01.2018
44;43;512038;ROGENTIN;Stefan;1994;SUI;2:31.21;4.71;133.01;40.19;Stoeckli;13.01.2018
44;35;53968;BERTHOLD;Frederic;1991;AUT;2:31.21;4.71;133.01;40.19;Head;13.01.2018
46;28;202059;FERSTL;Josef;1988;GER;2:31.32;4.82;136.01;41.13;Head;13.01.2018
47;50;511981;WEBER;Ralph;1993;SUI;2:31.53;5.03;141.74;42.92;Head;13.01.2018
48;58;561067;PERKO;Rok;1985;SLO;2:31.74;5.24;147.45;44.71;Stoeckli;13.01.2018
49;47;380292;ZRNCIC DIM;Natko;1986;CRO;2:32.05;5.55;155.86;47.35;Atomic;13.01.2018
50;34;310426;VUKICEVIC;Marko;1992;SRB;2:32.14;5.64;158.29;48.12;Fischer;13.01.2018
51;57;151215;FOREJTEK;Filip;1997;CZE;2:32.36;5.86;164.23;50;Unknown;13.01.2018
52;55;6531217;WEISEL;Kipling;1995;USA;2:32.69;6.19;173.1;52.82;Stoeckli;13.01.2018
53;60;6531127;DUFFY;Drew;1995;USA;2:33.96;7.46;206.9;63.65;Unknown;13.01.2018
54;61;303758;SUGAI;Ryo;1991;JPN;2:34.01;7.51;208.22;64.08;Atomic;13.01.2018
55;62;942023;TAHIRI;Albin;1989;KOS;2:39.35;12.85;344.33;109.64;Unknown;13.01.2018
1;19;50742;REICHELT;Hannes;1980;AUT;2:36.14;0;0;0;Salomon;18.01.2015
2;13;511383;FEUZ;Beat;1987;SUI;2:36.26;0.12;3.4;0.96;Head;18.01.2015
3;3;511313;JANKA;Carlo;1986;SUI;2:36.28;0.14;3.96;1.12;Rossignol;18.01.2015
4;20;511139;KUENG;Patrick;1984;SUI;2:36.94;0.8;22.54;6.4;Salomon;18.01.2015
5;17;421483;JANSRUD;Kjetil;1985;NOR;2:37.25;1.11;31.21;8.89;Head;18.01.2015
6;8;192932;FAYED;Guillermo;1985;FRA;2:37.44;1.3;36.51;10.41;Head;18.01.2015
7;5;201811;STECHERT;Tobias;1985;GER;2:37.55;1.41;39.57;11.29;Head;18.01.2015
8;2;511352;VILETTA;Sandro;1986;SUI;2:37.59;1.45;40.69;11.61;Salomon;18.01.2015
9;43;150398;BANK;Ondrej;1980;CZE;2:37.79;1.65;46.24;13.21;Nordica;18.01.2015
10;6;510727;DEFAGO;Didier;1977;SUI;2:37.91;1.77;49.57;14.17;Rossignol;18.01.2015
11;35;511529;GISIN;Marc;1988;SUI;2:37.93;1.79;50.12;14.33;Rossignol;18.01.2015
12;37;511513;CAVIEZEL;Mauro;1988;SUI;2:37.95;1.81;50.67;14.49;Atomic;18.01.2015
13;1;50858;STREITBERGER;Georg;1981;AUT;2:37.97;1.83;51.23;14.65;Head;18.01.2015
14;11;533866;NYMAN;Steven;1982;USA;2:38.01;1.87;52.33;14.97;Fischer;18.01.2015
15;14;53817;FRANZ;Max;1989;AUT;2:38.08;1.94;54.27;15.53;Atomic;18.01.2015
16;10;192746;THEAUX;Adrien;1984;FRA;2:38.11;1.97;55.1;15.77;Head;18.01.2015
17;7;54005;STRIEDINGER;Otmar;1991;AUT;2:38.18;2.04;57.03;16.33;Blizzard;18.01.2015
18;28;292514;HEEL;Werner;1982;ITA;2:38.19;2.05;57.31;16.41;Atomic;18.01.2015
19;18;291459;PARIS;Dominik;1989;ITA;2:38.43;2.29;63.92;18.33;Nordica;18.01.2015
20;44;53980;KRIECHMAYR;Vincent;1991;AUT;2:38.70;2.56;71.33;20.49;Fischer;18.01.2015
21;50;194190;ROGER;Brice;1990;FRA;2:38.73;2.59;72.15;20.73;Rossignol;18.01.2015
22;21;53902;MAYER;Matthias;1990;AUT;2:38.80;2.66;74.07;21.29;Head;18.01.2015
23;38;934643;GOLDBERG;Jared;1991;USA;2:38.82;2.68;74.62;21.46;Head;18.01.2015
24;26;51215;BAUMANN;Romed;1986;AUT;2:38.89;2.75;76.53;22.02;Salomon;18.01.2015
25;23;293141;VARETTONI;Silvano;1984;ITA;2:39.01;2.87;79.81;22.98;Head;18.01.2015
26;12;293006;INNERHOFER;Christof;1984;ITA;2:39.02;2.88;80.09;23.06;Rossignol;18.01.2015
27;24;510890;ZURBRIGGEN;Silvan;1981;SUI;2:39.12;2.98;82.82;23.86;Head;18.01.2015
28;25;191964;POISSON;David;1982;FRA;2:39.15;3.01;83.63;24.1;Salomon;18.01.2015
29;46;103271;THOMSEN;Benjamin;1987;CAN;2:39.18;3.04;84.45;24.34;Head;18.01.2015
30;49;561216;KLINE;Bostjan;1991;SLO;2:39.23;3.09;85.81;24.74;Stoeckli;18.01.2015
31;22;530874;GANONG;Travis;1988;USA;2:39.26;3.12;86.63;24.98;Atomic;18.01.2015
32;36;561217;KOSI;Klemen;1991;SLO;2:39.29;3.15;87.45;25.22;Atomic;18.01.2015
33;48;194542;GIRAUD MOINE;Valentin;1992;FRA;2:39.32;3.18;88.26;25.46;Salomon;18.01.2015
34;41;481705;GLEBOV;Alexander;1983;RUS;2:39.40;3.26;90.44;26.1;Head;18.01.2015
34;30;202059;FERSTL;Josef;1988;GER;2:39.40;3.26;90.44;26.1;Head;18.01.2015
36;53;990081;CASSE;Mattia;1990;ITA;2:40.26;4.12;113.68;32.98;Head;18.01.2015
36;39;561067;PERKO;Rok;1985;SLO;2:40.26;4.12;113.68;32.98;Stoeckli;18.01.2015
38;27;51332;SCHEIBER;Florian;1987;AUT;2:40.28;4.14;114.22;33.14;Blizzard;18.01.2015
39;31;560447;SPORN;Andrej;1981;SLO;2:40.48;4.34;119.59;34.74;Stoeckli;18.01.2015
40;33;511981;WEBER;Ralph;1993;SUI;2:40.64;4.5;123.87;36.03;Head;18.01.2015
41;47;194167;MUZATON;Maxence;1990;FRA;2:40.76;4.62;127.08;36.99;Rossignol;18.01.2015
42;34;501076;OLSSON;Hans;1984;SWE;2:40.81;4.67;128.42;37.39;Head;18.01.2015
43;52;293550;MARSAGLIA;Matteo;1985;ITA;2:41.05;4.91;134.82;39.31;Rossignol;18.01.2015
44;4;533131;SULLIVAN;Marco;1980;USA;2:41.10;4.96;136.15;39.71;Atomic;18.01.2015
45;40;380292;ZRNCIC-DIM;Natko;1986;CRO;2:41.40;5.26;144.11;42.11;Atomic;18.01.2015
46;45;202196;BRANDNER;Klaus;1990;GER;2:41.41;5.27;144.38;42.19;Unknown;18.01.2015
1;12;511139;KUENG;Patrick;1984;SUI;1:32.66;0;0;0;Salomon;18.01.2014
2;21;50742;REICHELT;Hannes;1980;AUT;1:32.72;0.06;1.74;0.89;Salomon;18.01.2014
3;16;421328;SVINDAL;Aksel Lund;1982;NOR;1:32.73;0.07;2.02;1.03;Head;18.01.2014
4;10;53817;FRANZ;Max;1989;AUT;1:32.90;0.24;6.93;3.55;Atomic;18.01.2014
5;8;532431;MILLER;Bode;1977;USA;1:33.01;0.35;10.09;5.17;Head;18.01.2014
6;2;53902;MAYER;Matthias;1990;AUT;1:33.10;0.44;12.68;6.51;Head;18.01.2014
7;13;292455;FILL;Peter;1982;ITA;1:33.20;0.54;15.54;7.98;Atomic;18.01.2014
8;3;51215;BAUMANN;Romed;1986;AUT;1:33.26;0.6;17.25;8.87;Blizzard;18.01.2014
9;14;191740;CLAREY;Johan;1981;FRA;1:33.28;0.62;17.83;9.17;Head;18.01.2014
10;15;511383;FEUZ;Beat;1987;SUI;1:33.40;0.74;21.25;10.94;Head;18.01.2014
10;6;510727;DEFAGO;Didier;1977;SUI;1:33.40;0.74;21.25;10.94;Rossignol;18.01.2014
12;40;934643;GOLDBERG;Jared;1991;USA;1:33.43;0.77;22.1;11.38;Head;18.01.2014
13;9;421483;JANSRUD;Kjetil;1985;NOR;1:33.45;0.79;22.67;11.68;Head;18.01.2014
14;20;192746;THEAUX;Adrien;1984;FRA;1:33.50;0.84;24.09;12.42;Salomon;18.01.2014
15;11;292514;HEEL;Werner;1982;ITA;1:33.51;0.85;24.38;12.57;Atomic;18.01.2014
16;29;533131;SULLIVAN;Marco;1980;USA;1:33.65;0.99;28.35;14.64;Atomic;18.01.2014
17;17;50753;KROELL;Klaus;1980;AUT;1:33.68;1.02;29.2;15.08;Salomon;18.01.2014
18;4;194190;ROGER;Brice;1990;FRA;1:33.69;1.03;29.49;15.23;Rossignol;18.01.2014
19;44;54005;STRIEDINGER;Otmar;1991;AUT;1:33.71;1.05;30.05;15.52;Blizzard;18.01.2014
20;5;50858;STREITBERGER;Georg;1981;AUT;1:33.77;1.11;31.75;16.41;Head;18.01.2014
21;22;293006;INNERHOFER;Christof;1984;ITA;1:33.80;1.14;32.6;16.86;Rossignol;18.01.2014
22;48;53936;DUERAGER;Markus;1990;AUT;1:33.85;1.19;34.01;17.59;Fischer;18.01.2014
23;23;51332;SCHEIBER;Florian;1987;AUT;1:33.86;1.2;34.29;17.74;Salomon;18.01.2014
24;37;561067;PERKO;Rok;1985;SLO;1:33.87;1.21;34.57;17.89;Stoeckli;18.01.2014
25;1;293141;VARETTONI;Silvano;1984;ITA;1:33.96;1.3;37.11;19.22;Head;18.01.2014
26;19;291459;PARIS;Dominik;1989;ITA;1:33.99;1.33;37.95;19.66;Nordica;18.01.2014
27;34;511352;VILETTA;Sandro;1986;SUI;1:34.03;1.37;39.08;20.26;Salomon;18.01.2014
28;30;530874;GANONG;Travis;1988;USA;1:34.10;1.44;41.04;21.29;Atomic;18.01.2014
29;24;192932;FAYED;Guillermo;1985;FRA;1:34.12;1.46;41.6;21.59;Head;18.01.2014
30;67;561255;CATER;Martin;1992;SLO;1:34.17;1.51;43.01;22.33;Stoeckli;18.01.2014
31;33;103512;FRISCH;Jeffrey;1984;CAN;1:34.21;1.55;44.13;22.92;Head;18.01.2014
32;31;380260;KOSTELIC;Ivica;1979;CRO;1:34.23;1.57;44.69;23.21;Fischer;18.01.2014
33;41;380292;ZRNCICDIM;Natko;1986;CRO;1:34.28;1.62;46.08;23.95;Atomic;18.01.2014
34;51;194167;MUZATON;Maxence;1990;FRA;1:34.30;1.64;46.64;24.25;Rossignol;18.01.2014
35;28;102899;OSBORNE-PARADIS;Manuel;1984;CAN;1:34.32;1.66;47.2;24.54;Rossignol;18.01.2014
36;54;511529;GISIN;Marc;1988;SUI;1:34.33;1.67;47.48;24.69;Nordica;18.01.2014
37;65;501076;OLSSON;Hans;1984;SWE;1:34.34;1.68;47.76;24.84;Head;18.01.2014
37;36;534939;FISHER;Erik;1985;USA;1:34.34;1.68;47.76;24.84;Fischer;18.01.2014
39;26;560447;SPORN;Andrej;1981;SLO;1:34.35;1.69;48.04;24.99;Elan;18.01.2014
40;25;51327;PUCHNER;Joachim;1987;AUT;1:34.40;1.74;49.44;25.73;Atomic;18.01.2014
41;32;202059;FERSTL;Josef;1988;GER;1:34.43;1.77;50.27;26.17;Nordica;18.01.2014
42;59;294277;KLOTZ;Siegmar;1987;ITA;1:34.50;1.84;52.22;27.2;Nordica;18.01.2014
42;53;103385;PRIDY;Conrad;1988;CAN;1:34.50;1.84;52.22;27.2;Atomic;18.01.2014
44;61;102961;DIXON;Robbie;1985;CAN;1:34.54;1.88;53.33;27.8;Rossignol;18.01.2014
45;7;191964;POISSON;David;1982;FRA;1:34.60;1.94;55;28.68;Salomon;18.01.2014
46;47;990081;CASSE;Mattia;1990;ITA;1:34.68;2.02;57.22;29.87;Head;18.01.2014
47;46;510890;ZURBRIGGEN;Silvan;1981;SUI;1:34.70;2.04;57.77;30.16;Head;18.01.2014
48;49;194542;GIRAUD MOINE;Valentin;1992;FRA;1:34.78;2.12;59.99;31.34;Unknown;18.01.2014
49;27;533866;NYMAN;Steven;1982;USA;1:34.79;2.13;60.27;31.49;Fischer;18.01.2014
50;57;193034;BOUILLOT;Alexandre;1985;FRA;1:34.81;2.15;60.82;31.79;Head;18.01.2014
51;55;501439;HEDIN;Douglas;1990;SWE;1:34.82;2.16;61.1;31.94;Head;18.01.2014
52;43;481705;GLEBOV;Alexander;1983;RUS;1:34.89;2.23;63.03;32.97;Head;18.01.2014
53;66;511513;CAVIEZEL;Mauro;1988;SUI;1:34.91;2.25;63.58;33.27;Atomic;18.01.2014
53;50;103612;PRIDY;Morgan;1990;CAN;1:34.91;2.25;63.58;33.27;Atomic;18.01.2014
55;38;191591;BERTRAND;Yannick;1980;FRA;1:34.94;2.28;64.41;33.71;Atomic;18.01.2014
56;63;150398;BANK;Ondrej;1980;CZE;1:34.98;2.32;65.51;34.3;Nordica;18.01.2014
57;42;6530104;BENNETT;Bryce;1992;USA;1:35.00;2.34;66.06;34.6;Atomic;18.01.2014
58;70;660021;DANILOCHKIN;Yuri;1991;BLR;1:35.12;2.46;69.36;36.37;Atomic;18.01.2014
59;58;103271;THOMSEN;Benjamin;1987;CAN;1:35.16;2.5;70.46;36.96;Head;18.01.2014
60;56;201606;KEPPLER;Stephan;1983;GER;1:35.21;2.55;71.83;37.7;Head;18.01.2014
61;64;202469;RENZ;Fabio;1992;GER;1:35.36;2.7;75.94;39.92;Atomic;18.01.2014
62;69;670037;ZAKURDAEV;Igor;1987;KAZ;1:36.44;3.78;105.12;55.89;Atomic;18.01.2014
63;68;20267;ESTEVE;Kevin;1989;AND;1:36.45;3.79;105.39;56.04;Atomic;18.01.2014
64;71;370031;ALESSANDRIA;Arnaud;1993;MON;1:37.48;4.82;132.61;71.26;Unknown;18.01.2014
1;15;293006;INNERHOFER;Christof;1984;ITA;2:29.82;0;0;0;Rossignol;19.01.2013
2;21;50753;KROELL;Klaus;1980;AUT;2:30.12;0.3;8.82;2.74;Salomon;19.01.2013
3;17;50742;REICHELT;Hannes;1980;AUT;2:30.58;0.76;22.28;6.95;Salomon;19.01.2013
4;20;102263;GUAY;Erik;1981;CAN;2:30.97;1.15;33.63;10.52;Atomic;19.01.2013
5;18;191740;CLAREY;Johan;1981;FRA;2:30.99;1.17;34.21;10.7;Head;19.01.2013
6;16;51215;BAUMANN;Romed;1986;AUT;2:31.12;1.3;37.98;11.89;Blizzard;19.01.2013
7;3;560447;SPORN;Andrej;1981;SLO;2:31.17;1.35;39.43;12.34;Elan;19.01.2013
8;8;192746;THEAUX;Adrien;1984;FRA;2:31.23;1.41;41.16;12.89;Salomon;19.01.2013
9;1;191964;POISSON;David;1982;FRA;2:31.24;1.42;41.45;12.98;Salomon;19.01.2013
10;12;51327;PUCHNER;Joachim;1987;AUT;2:31.32;1.5;43.76;13.72;Atomic;19.01.2013
11;22;291459;PARIS;Dominik;1989;ITA;2:31.38;1.56;45.5;14.27;Nordica;19.01.2013
12;9;103271;THOMSEN;Benjamin;1987;CAN;2:31.51;1.69;49.25;15.45;Head;19.01.2013
13;7;533131;SULLIVAN;Marco;1980;USA;2:31.54;1.72;50.11;15.73;Atomic;19.01.2013
14;28;53817;FRANZ;Max;1989;AUT;2:31.59;1.77;51.55;16.19;Atomic;19.01.2013
15;2;511139;KUENG;Patrick;1984;SUI;2:31.77;1.95;56.73;17.83;Salomon;19.01.2013
16;14;102271;HUDEC;Jan;1981;CAN;2:31.90;2.08;60.46;19.02;Rossignol;19.01.2013
17;13;510727;DEFAGO;Didier;1977;SUI;2:31.93;2.11;61.32;19.29;Rossignol;19.01.2013
18;11;292455;FILL;Peter;1982;ITA;2:32.00;2.18;63.32;19.93;Atomic;19.01.2013
19;4;510890;ZURBRIGGEN;Silvan;1981;SUI;2:32.02;2.2;63.89;20.12;Rossignol;19.01.2013
20;6;292514;HEEL;Werner;1982;ITA;2:32.12;2.3;66.75;21.03;Atomic;19.01.2013
21;30;530874;GANONG;Travis;1988;USA;2:32.60;2.78;80.43;25.42;Atomic;19.01.2013
22;34;194190;ROGER;Brice;1990;FRA;2:32.63;2.81;81.28;25.7;Rossignol;19.01.2013
22;10;421483;JANSRUD;Kjetil;1985;NOR;2:32.63;2.81;81.28;25.7;Head;19.01.2013
24;35;511142;LUEOEND;Vitus;1984;SUI;2:33.02;3.2;92.33;29.26;Salomon;19.01.2013
25;36;180570;ROMAR;Andreas;1989;FIN;2:33.05;3.23;93.18;29.54;Atomic;19.01.2013
26;29;51332;SCHEIBER;Florian;1987;AUT;2:33.09;3.27;94.3;29.9;Salomon;19.01.2013
27;24;192932;FAYED;Guillermo;1985;FRA;2:33.17;3.35;96.56;30.63;Head;19.01.2013
28;38;53902;MAYER;Matthias;1990;AUT;2:33.19;3.37;97.12;30.82;Head;19.01.2013
29;31;380260;KOSTELIC;Ivica;1979;CRO;2:33.26;3.44;99.1;31.46;Fischer;19.01.2013
30;5;191591;BERTRAND;Yannick;1980;FRA;2:33.40;3.58;103.04;32.74;Atomic;19.01.2013
31;37;511529;GISIN;Marc;1988;SUI;2:33.83;4.01;115.09;36.67;Nordica;19.01.2013
32;41;200379;SANDER;Andreas;1989;GER;2:34.09;4.27;122.34;39.05;Atomic;19.01.2013
33;47;293550;MARSAGLIA;Matteo;1985;ITA;2:34.27;4.45;127.35;40.69;Rossignol;19.01.2013
34;43;934643;GOLDBERG;Jared;1991;USA;2:34.63;4.81;137.34;43.98;Head;19.01.2013
35;44;294277;KLOTZ;Siegmar;1987;ITA;2:34.82;5;142.58;45.72;Nordica;19.01.2013
36;56;511352;VILETTA;Sandro;1986;SUI;2:35.11;5.29;150.57;48.37;Salomon;19.01.2013
37;51;400281;VAN HEEK;Marvin;1991;NED;2:35.39;5.57;158.26;50.93;Salomon;19.01.2013
38;49;194167;MUZATON;Maxence;1990;FRA;2:35.48;5.66;160.72;51.76;Rossignol;19.01.2013
39;55;510747;GRUENENFELDER;Tobias;1977;SUI;2:35.64;5.82;165.09;53.22;Atomic;19.01.2013
40;58;501230;ERICSSON;Daniel;1987;SWE;2:36.20;6.38;180.33;58.34;Head;19.01.2013
41;32;560332;JERMAN;Andrej;1978;SLO;2:36.22;6.4;180.87;58.52;Stoeckli;19.01.2013
42;46;293141;VARETTONI;Silvano;1984;ITA;2:36.30;6.48;183.04;59.26;Atomic;19.01.2013
43;52;930024;MAPLE;Wiley;1990;USA;2:36.40;6.58;185.75;60.17;Atomic;19.01.2013
44;54;501439;HEDIN;Douglas;1990;SWE;2:36.66;6.84;192.77;62.55;Head;19.01.2013
45;48;481705;GLEBOV;Alexander;1983;RUS;2:36.74;6.92;194.92;63.28;Head;19.01.2013
46;59;660021;DANILOCHKIN;Yuri;1991;BLR;2:36.89;7.07;198.96;64.65;Unknown;19.01.2013
47;33;102873;KUCERA;John;1984;CAN;2:37.07;7.25;203.79;66.3;Atomic;19.01.2013
48;45;6530319;COCHRAN−SIEGLE;Ryan;1992;USA;2:38.13;8.31;232.02;75.99;Rossignol;19.01.2013
1;16;511383;FEUZ;Beat;1987;SUI;2:35.31;0;0;0;Salomon;14.01.2012
2;1;50742;REICHELT;Hannes;1980;AUT;2:35.75;0.44;12.47;3.77;Salomon;14.01.2012
3;13;293006;INNERHOFER;Christof;1984;ITA;2:35.80;0.49;13.89;4.2;Rossignol;14.01.2012
4;7;511313;JANKA;Carlo;1986;SUI;2:35.92;0.61;17.27;5.22;Atomic;14.01.2012
5;22;532431;MILLER;Bode;1977;USA;2:36.08;0.77;21.78;6.59;Head;14.01.2012
6;19;50753;KROELL;Klaus;1980;AUT;2:36.20;0.89;25.16;7.62;Salomon;14.01.2012
7;23;292455;FILL;Peter;1982;ITA;2:36.43;1.12;31.61;9.59;Atomic;14.01.2012
8;18;51215;BAUMANN;Romed;1986;AUT;2:36.53;1.22;34.41;10.45;Salomon;14.01.2012
8;9;102263;GUAY;Erik;1981;CAN;2:36.53;1.22;34.41;10.45;Atomic;14.01.2012
10;14;511139;KUENG;Patrick;1984;SUI;2:36.54;1.23;34.69;10.53;Salomon;14.01.2012
11;25;511529;GISIN;Marc;1988;SUI;2:36.61;1.3;36.65;11.13;Nordica;14.01.2012
12;21;421328;SVINDAL Aksel;Lund;1982;NOR;2:36.66;1.35;38.05;11.56;Head;14.01.2012
13;5;291459;PARIS;Dominik;1989;ITA;2:36.67;1.36;38.33;11.65;Nordica;14.01.2012
14;11;510890;ZURBRIGGEN;Silvan;1981;SUI;2:36.69;1.38;38.88;11.82;Rossignol;14.01.2012
15;17;510030;CUCHE;Didier;1974;SUI;2:36.75;1.44;40.56;12.33;Head;14.01.2012
16;10;192746;THEAUX;Adrien;1984;FRA;2:36.90;1.59;44.74;13.62;Salomon;14.01.2012
17;24;201606;KEPPLER;Stephan;1983;GER;2:36.99;1.68;47.25;14.39;Head;14.01.2012
18;8;191740;CLAREY;Johan;1981;FRA;2:37.03;1.72;48.36;14.73;Head;14.01.2012
19;6;510767;HOFFMANN;Ambrosi;1977;SUI;2:37.23;1.92;53.91;16.44;Nordica;14.01.2012
20;31;421483;JANSRUD;Kjetil;1985;NOR;2:37.34;2.03;56.96;17.38;Head;14.01.2012
21;29;292514;HEEL;Werner;1982;ITA;2:37.56;2.25;63.05;19.27;Head;14.01.2012
22;28;102271;HUDEC;Jan;1981;CAN;2:37.61;2.3;64.43;19.7;Rossignol;14.01.2012
23;2;192932;FAYED;Guillermo;1985;FRA;2:37.63;2.32;64.98;19.87;Head;14.01.2012
24;30;560447;SPORN;Andrej;1981;SLO;2:37.71;2.4;67.19;20.55;Elan;14.01.2012
25;12;51327;PUCHNER;Joachim;1987;AUT;2:37.74;2.43;68.01;20.81;Atomic;14.01.2012
26;3;50858;STREITBERGER;Georg;1981;AUT;2:37.80;2.49;69.67;21.32;Fischer;14.01.2012
27;36;533131;SULLIVAN;Marco;1980;USA;2:37.90;2.59;72.42;22.18;Rossignol;14.01.2012
28;51;294277;KLOTZ;Siegmar;1987;ITA;2:37.93;2.62;73.24;22.44;Nordica;14.01.2012
29;20;510727;DEFAGO;Didier;1977;SUI;2:37.98;2.67;74.62;22.86;Rossignol;14.01.2012
30;26;191591;BERTRAND;Yannick;1980;FRA;2:37.99;2.68;74.89;22.95;Atomic;14.01.2012
31;4;501076;OLSSON;Hans;1984;SWE;2:38.19;2.88;80.38;24.66;Head;14.01.2012
32;48;191964;POISSON;David;1982;FRA;2:38.30;2.99;83.39;25.6;Salomon;14.01.2012
33;39;293550;MARSAGLIA;Matteo;1985;ITA;2:38.50;3.19;88.86;27.32;Rossignol;14.01.2012
34;33;534939;FISHER;Erik;1985;USA;2:38.51;3.2;89.13;27.4;Atomic;14.01.2012
35;32;201811;STECHERT;Tobias;1985;GER;2:38.90;3.59;99.75;30.74;Head;14.01.2012
36;44;180570;ROMAR;Andreas;1989;FIN;2:38.96;3.65;101.38;31.26;Atomic;14.01.2012
37;50;103271;THOMSEN;Benjamin;1987;CAN;2:39.12;3.81;105.71;32.63;Head;14.01.2012
38;27;380260;KOSTELIC;Ivica;1979;CRO;2:39.15;3.84;106.53;32.88;Fischer;14.01.2012
39;37;530874;GANONG;Travis;1988;USA;2:39.21;3.9;108.15;33.4;Atomic;14.01.2012
40;15;51005;SCHEIBER;Mario;1983;AUT;2:39.31;4;110.85;34.25;Atomic;14.01.2012
41;42;500150;JAERBYN;Patrik;1969;SWE;2:39.33;4.02;111.39;34.43;Atomic;14.01.2012
42;54;53902;MAYER;Matthias;1990;AUT;2:39.53;4.22;116.79;36.14;Head;14.01.2012
43;34;102961;DIXON;Robbie;1985;CAN;2:39.56;4.25;117.6;36.39;Rossignol;14.01.2012
44;40;200379;SANDER;Andreas;1989;GER;2:39.69;4.38;121.1;37.51;Atomic;14.01.2012
45;46;380292;ZRNCIC−DIM;Natko;1986;CRO;2:39.81;4.5;124.32;38.54;Atomic;14.01.2012
46;41;53817;FRANZ;Max;1989;AUT;2:39.96;4.65;128.34;39.82;Atomic;14.01.2012
47;43;930024;MAPLE;Wiley;1990;USA;2:40.00;4.69;129.41;40.16;Atomic;14.01.2012
48;35;530939;WEIBRECHT;Andrew;1986;USA;2:40.01;4.7;129.68;40.25;Rossignol;14.01.2012
49;38;53837;KRAMER;Manuel;1989;AUT;2:40.42;5.11;140.63;43.76;Atomic;14.01.2012
50;47;294911;PATSCHEIDER;Hagen;1988;ITA;2:40.62;5.31;145.96;45.47;Atomic;14.01.2012
51;56;561085;KRIZAJ;Andrej;1986;SLO;2:40.84;5.53;151.8;47.36;Elan;14.01.2012
52;45;561087;MARKIC;Gasper;1986;SLO;2:40.86;5.55;152.33;47.53;Elan;14.01.2012
53;49;561067;PERKO;Rok;1985;SLO;2:41.41;6.1;166.85;52.24;Stoeckli;14.01.2012
54;53;103385;PRIDY;Conrad;1988;CAN;2:42.37;7.06;191.97;60.46;Atomic;14.01.2012
55;58;90131;GEORGIEV;Georgi;1987;BUL;2:43.56;8.25;222.69;70.65;Atomic;14.01.2012
56;57;380298;SIROKI;Tin;1987;CRO;2:44.32;9.01;242.08;77.16;Atomic;14.01.2012
57;59;430472;KLUSAK;Michal;1990;POL;2:45.15;9.84;263.06;84.27;Unknown;14.01.2012
1;12;50753;KROELL;Klaus;1980;AUT;2:31.28;0;0;0;Salomon;15.01.2011
2;21;510030;CUCHE;Didier;1974;SUI;2:31.42;0.14;4.1;1.23;Head;15.01.2011
3;16;511313;JANKA;Carlo;1986;SUI;2:31.67;0.39;11.39;3.43;Atomic;15.01.2011
4;3;560332;JERMAN;Andrej;1978;SLO;2:31.72;0.44;12.85;3.87;Stoeckli;15.01.2011
5;14;292514;HEEL;Werner;1982;ITA;2:32.53;1.25;36.3;10.99;Head;15.01.2011
6;10;51215;BAUMANN;Romed;1986;AUT;2:32.56;1.28;37.17;11.25;Salomon;15.01.2011
7;1;293006;INNERHOFER;Christof;1984;ITA;2:32.66;1.38;40.05;12.13;Rossignol;15.01.2011
8;11;532431;MILLER;Bode;1977;USA;2:32.71;1.43;41.48;12.57;Head;15.01.2011
9;19;51005;SCHEIBER;Mario;1983;AUT;2:32.98;1.7;49.23;14.95;Atomic;15.01.2011
10;13;501076;OLSSON;Hans;1984;SWE;2:33.04;1.76;50.95;15.47;Head;15.01.2011
11;20;50041;WALCHHOFER;Michael;1975;AUT;2:33.11;1.83;52.95;16.09;Atomic;15.01.2011
12;2;380260;KOSTELIC;Ivica;1979;CRO;2:33.15;1.87;54.09;16.44;Fischer;15.01.2011
13;22;510890;ZURBRIGGEN;Silvan;1981;SUI;2:33.23;1.95;56.38;17.14;Rossignol;15.01.2011
13;5;192746;THEAUX;Adrien;1984;FRA;2:33.23;1.95;56.38;17.14;Salomon;15.01.2011
15;17;421328;SVINDAL;Aksel Lund;1982;NOR;2:33.24;1.96;56.66;17.23;Head;15.01.2011
16;24;50858;STREITBERGER;Georg;1981;AUT;2:33.28;2;57.8;17.58;Fischer;15.01.2011
17;8;50833;GRUGGER;Hans;1981;AUT;2:33.49;2.21;63.78;19.43;Head;15.01.2011
18;23;510767;HOFFMANN;Ambrosi;1977;SUI;2:33.67;2.39;68.9;21.01;Unknown;15.01.2011
19;9;292455;FILL;Peter;1982;ITA;2:33.95;2.67;76.83;23.47;Atomic;15.01.2011
20;7;192932;FAYED;Guillermo;1985;FRA;2:33.96;2.68;77.11;23.56;Head;15.01.2011
21;29;102271;HUDEC;Jan;1981;CAN;2:34.02;2.74;78.81;24.09;Rossignol;15.01.2011
22;35;51327;PUCHNER;Joachim;1987;AUT;2:34.03;2.75;79.09;24.18;Atomic;15.01.2011
23;18;102899;OSBORNE−PARADIS;Manuel;1984;CAN;2:34.04;2.76;79.37;24.26;Rossignol;15.01.2011
24;15;560447;SPORN;Andrej;1981;SLO;2:34.16;2.88;82.76;25.32;Elan;15.01.2011
25;33;291459;PARIS;Dominik;1989;ITA;2:34.17;2.89;83.04;25.41;Nordica;15.01.2011
26;43;294911;PATSCHEIDER;Hagen;1988;ITA;2:34.44;3.16;90.64;27.78;Atomic;15.01.2011
27;34;294277;KLOTZ;Siegmar;1987;ITA;2:34.69;3.41;97.66;29.98;Nordica;15.01.2011
28;36;530874;GANONG;Travis;1988;USA;2:34.86;3.58;102.41;31.47;Atomic;15.01.2011
29;52;193034;BOUILLOT;Alexandre;1985;FRA;2:35.47;4.19;119.39;36.84;Unknown;15.01.2011
30;39;191591;BERTRAND;Yannick;1980;FRA;2:35.53;4.25;121.05;37.36;Atomic;15.01.2011
31;45;201811;STECHERT;Tobias;1985;GER;2:35.58;4.3;122.44;37.8;Head;15.01.2011
31;38;510498;ZUEGER;Cornel;1981;SUI;2:35.58;4.3;122.44;37.8;Stoeckli;15.01.2011
31;32;534562;LIGETY;Ted;1984;USA;2:35.58;4.3;122.44;37.8;Head;15.01.2011
34;44;292291;THANEI;Stefan;1981;ITA;2:35.67;4.39;124.93;38.6;Fischer;15.01.2011
35;40;290998;STAUDACHER;Patrick;1980;ITA;2:35.95;4.67;132.66;41.06;Head;15.01.2011
36;46;180570;ROMAR;Andreas;1989;FIN;2:36.04;4.76;135.14;41.85;Atomic;15.01.2011
37;49;293550;MARSAGLIA;Matteo;1985;ITA;2:36.19;4.91;139.26;43.17;Rossignol;15.01.2011
38;47;294904;PANGRAZZI;Paolo;1988;ITA;2:36.28;5;141.73;43.96;Rossignol;15.01.2011
39;41;561067;PERKO;Rok;1985;SLO;2:36.37;5.09;144.2;44.75;Stoeckli;15.01.2011
40;31;421483;JANSRUD;Kjetil;1985;NOR;2:36.54;5.26;148.86;46.24;Head;15.01.2011
41;27;191964;POISSON;David;1982;FRA;2:37.28;6;169;52.75;Salomon;15.01.2011
42;51;930024;MAPLE;Wiley;1990;USA;2:38.57;7.29;203.66;64.09;Atomic;15.01.2011
43;54;380298;SIROKI;Tin;1987;CRO;2:38.72;7.44;207.66;65.41;Atomic;15.01.2011
44;50;910004;DEFLORIAN;Mirko;1980;MDA;2:39.08;7.8;217.21;68.57;Unknown;15.01.2011
45;55;20267;ESTEVE RIGAIL;Kevin;1989;AND;2:40.90;9.62;264.86;84.58;Unknown;15.01.2011
46;57;60159;VAN BUYNDER;Frederik;1988;BEL;2:41.25;9.97;273.9;87.65;Unknown;15.01.2011
47;56;430472;KLUSAK;Michal;1990;POL;2:43.78;12.5;338.11;109.9;Unknown;15.01.2011
1;18;511313;JANKA;Carlo;1986;SUI;2:32.23;0;0;0;Atomic;16.01.2010
2;16;102899;OSBORNE−PARADIS;Manuel;1984;CAN;2:32.89;0.66;19.27;5.72;Rossignol;16.01.2010
3;9;350032;BUECHEL;Marco;1971;LIE;2:33.05;0.82;23.92;7.11;Head;16.01.2010
4;10;292514;HEEL;Werner;1982;ITA;2:33.06;0.83;24.21;7.2;Rossignol;16.01.2010
5;21;510030;CUCHE;Didier;1974;SUI;2:33.09;0.86;25.08;7.46;Head;16.01.2010
5;15;560332;JERMAN;Andrej;1978;SLO;2:33.09;0.86;25.08;7.46;Stoeckli;16.01.2010
7;19;510727;DEFAGO;Didier;1977;SUI;2:33.61;1.38;40.11;11.97;Rossignol;16.01.2010
8;25;292455;FILL;Peter;1982;ITA;2:33.70;1.47;42.7;12.75;Atomic;16.01.2010
9;17;50753;KROELL;Klaus;1980;AUT;2:33.83;1.6;46.44;13.87;Salomon;16.01.2010
10;3;50858;STREITBERGER;Georg;1981;AUT;2:33.86;1.63;47.3;14.13;Fischer;16.01.2010
11;1;511139;KUENG;Patrick;1984;SUI;2:33.96;1.73;50.17;15;Salomon;16.01.2010
12;14;501076;OLSSON;Hans;1984;SWE;2:34.04;1.81;52.46;15.69;Head;16.01.2010
13;7;530939;WEIBRECHT;Andrew;1986;USA;2:34.09;1.86;53.9;16.13;Rossignol;16.01.2010
14;4;192746;THEAUX;Adrien;1984;FRA;2:34.21;1.98;57.33;17.17;Rossignol;16.01.2010
15;20;421328;SVINDAL;Aksel Lund;1982;NOR;2:34.24;2.01;58.19;17.43;Atomic;16.01.2010
16;22;50041;WALCHHOFER;Michael;1975;AUT;2:34.52;2.29;66.17;19.86;Atomic;16.01.2010
17;11;293006;INNERHOFER;Christof;1984;ITA;2:34.60;2.37;68.45;20.55;Rossignol;16.01.2010
18;13;102263;GUAY;Erik;1981;CAN;2:34.86;2.63;75.83;22.8;Atomic;16.01.2010
19;6;500150;JAERBYN;Patrik;1969;SWE;2:34.93;2.7;77.81;23.41;Atomic;16.01.2010
20;31;380260;KOSTELIC;Ivica;1979;CRO;2:35.01;2.78;80.08;24.11;Fischer;16.01.2010
21;5;533866;NYMAN;Steven;1982;USA;2:35.10;2.87;82.62;24.89;Fischer;16.01.2010
22;43;291459;PARIS;Dominik;1989;ITA;2:35.13;2.9;83.47;25.15;Nordica;16.01.2010
23;26;510747;GRUENENFELDER;Tobias;1977;SUI;2:35.15;2.92;84.03;25.32;Stoeckli;16.01.2010
24;36;292291;THANEI;Stefan;1981;ITA;2:35.16;2.93;84.32;25.41;Atomic;16.01.2010
25;27;191740;CLAREY;Johan;1981;FRA;2:35.17;2.94;84.6;25.49;Rossignol;16.01.2010
26;46;380292;ZRNCIC−DIM;Natko;1986;CRO;2:35.31;3.08;88.55;26.71;Atomic;16.01.2010
27;32;560447;SPORN;Andrej;1981;SLO;2:35.45;3.22;92.49;27.92;Elan;16.01.2010
28;2;534939;FISHER;Erik;1985;USA;2:35.66;3.43;98.39;29.74;Atomic;16.01.2010
29;30;50833;GRUGGER;Hans;1981;AUT;2:35.67;3.44;98.67;29.83;Head;16.01.2010
30;29;51005;SCHEIBER;Mario;1983;AUT;2:35.95;3.72;106.51;32.26;Atomic;16.01.2010
31;42;192932;FAYED;Guillermo;1985;FRA;2:36.32;4.09;116.82;35.46;Dynastar;16.01.2010
32;35;201606;KEPPLER;Stephan;1983;GER;2:36.44;4.21;120.16;36.51;Head;16.01.2010
33;24;290998;STAUDACHER;Patrick;1980;ITA;2:36.49;4.26;121.55;36.94;Head;16.01.2010
34;41;561067;PERKO;Rok;1985;SLO;2:36.64;4.41;125.71;38.24;Stoeckli;16.01.2010
35;45;511039;KREUZER;Ralf;1983;SUI;2:36.65;4.42;125.98;38.33;Salomon;16.01.2010
36;28;533131;SULLIVAN;Marco;1980;USA;2:37.28;5.05;143.36;43.79;Nordica;16.01.2010
37;47;990081;CASSE;Mattia;1990;ITA;2:37.33;5.1;144.74;44.22;Rossignol;16.01.2010
38;51;561085;KRIZAJ;Andrej;1986;SLO;2:37.53;5.3;150.22;45.96;Stoeckli;16.01.2010
39;53;103375;NELLA;Tyler;1988;CAN;2:37.64;5.41;153.23;46.91;Unknown;16.01.2010
40;34;102271;HUDEC;Jan;1981;CAN;2:37.65;5.42;153.51;47;Rossignol;16.01.2010
41;33;532490;MACARTNEY;Scott;1978;USA;2:37.82;5.59;158.15;48.47;Nordica;16.01.2010
42;49;511383;FEUZ;Beat;1987;SUI;2:38.19;5.96;168.22;51.68;Salomon;16.01.2010
43;52;530874;GANONG;Travis;1988;USA;2:38.46;6.23;175.55;54.02;Voelkl;16.01.2010
44;48;201987;STRODL;Andreas;1987;GER;2:38.50;6.27;176.63;54.37;Atomic;16.01.2010
45;39;561087;MARKIC;Gasper;1986;SLO;2:38.93;6.7;188.23;58.1;Elan;16.01.2010
46;54;20174;VIDOSA;Roger;1984;AND;2:42.72;10.49;287.84;90.96;Unknown;16.01.2010
47;55;60159;VAN BUYNDER;Frederik;1988;BEL;2:43.09;10.86;297.32;94.17;Unknown;16.01.2010
1;15;510727;DEFAGO;Didier;1977;SUI;2:31.98;0;0;0;Rossignol;17.01.2009
2;16;532431;MILLER;Bode;1977;USA;2:32.18;0.2;5.89;1.74;Head;17.01.2009
3;10;533131;SULLIVAN;Marco;1980;USA;2:32.37;0.39;11.47;3.39;Nordica;17.01.2009
4;13;510767;HOFFMANN;Ambrosi;1977;SUI;2:32.56;0.58;17.03;5.04;Head;17.01.2009
5;9;102899;OSBORNE−PARADIS;Manuel;1984;CAN;2:32.63;0.65;19.08;5.65;Rossignol;17.01.2009
6;8;350032;BUECHEL;Marco;1971;LIE;2:33.11;1.13;33.06;9.81;Head;17.01.2009
7;12;293006;INNERHOFER;Christof;1984;ITA;2:33.21;1.23;35.97;10.68;Rossignol;17.01.2009
8;2;102271;HUDEC;Jan;1981;CAN;2:33.23;1.25;36.55;10.86;Rossignol;17.01.2009
9;17;292455;FILL;Peter;1982;ITA;2:33.24;1.26;36.84;10.94;Atomic;17.01.2009
10;18;510030;CUCHE;Didier;1974;SUI;2:33.34;1.36;39.73;11.81;Head;17.01.2009
11;3;192746;THEAUX;Adrien;1984;FRA;2:33.65;1.67;48.69;14.5;Rossignol;17.01.2009
12;24;511313;JANKA;Carlo;1986;SUI;2:33.75;1.77;51.57;15.37;Atomic;17.01.2009
13;30;510993;ALBRECHT;Daniel;1983;SUI;2:33.80;1.82;53.01;15.81;Atomic;17.01.2009
14;23;102873;KUCERA;John;1984;CAN;2:33.86;1.88;54.74;16.33;Atomic;17.01.2009
15;22;421328;SVINDAL;Aksel Lund;1982;NOR;2:33.89;1.91;55.6;16.59;Atomic;17.01.2009
16;4;191964;POISSON;David;1982;FRA;2:34.01;2.03;59.05;17.63;Salomon;17.01.2009
17;14;560332;JERMAN;Andrej;1978;SLO;2:34.06;2.08;60.49;18.07;Stoeckli;17.01.2009
18;5;50858;STREITBERGER;Georg;1981;AUT;2:34.50;2.52;73.07;21.89;Fischer;17.01.2009
19;6;50451;GRUBER;Christoph;1976;AUT;2:34.56;2.58;74.78;22.41;Fischer;17.01.2009
20;1;51215;BAUMANN;Romed;1986;AUT;2:34.61;2.63;76.21;22.84;Salomon;17.01.2009
21;40;191116;DALCIN;Pierre−Emmanuel;1977;FRA;2:34.75;2.77;80.19;24.06;Atomic;17.01.2009
22;32;500150;JAERBYN;Patrik;1969;SWE;2:34.92;2.94;85.02;25.53;Atomic;17.01.2009
23;33;510890;ZURBRIGGEN;Silvan;1981;SUI;2:35.11;3.13;90.4;27.19;Rossignol;17.01.2009
24;34;201606;KEPPLER;Stephan;1983;GER;2:35.27;3.29;94.93;28.57;Head;17.01.2009
24;31;380260;KOSTELIC;Ivica;1979;CRO;2:35.27;3.29;94.93;28.57;Fischer;17.01.2009
26;26;50423;MAIER;Hermann;1972;AUT;2:35.37;3.39;97.75;29.44;Head;17.01.2009
26;20;50041;WALCHHOFER;Michael;1975;AUT;2:35.37;3.39;97.75;29.44;Atomic;17.01.2009
28;39;292291;THANEI;Stefan;1981;ITA;2:35.47;3.49;100.57;30.31;Atomic;17.01.2009
29;45;560447;SPORN;Andrej;1981;SLO;2:35.55;3.57;102.82;31.01;Elan;17.01.2009
30;54;530939;WEIBRECHT;Andrew;1986;USA;2:35.97;3.99;114.61;34.65;Rossignol;17.01.2009
31;58;201987;STRODL;Andreas;1987;GER;2:35.98;4;114.89;34.74;Atomic;17.01.2009
32;28;191591;BERTRAND;Yannick;1980;FRA;2:36.06;4.08;117.12;35.44;Dynastar;17.01.2009
33;57;103090;HELIE;Louis−Pierre;1986;CAN;2:36.32;4.34;124.38;37.69;Rossignol;17.01.2009
33;42;290998;STAUDACHER;Patrick;1980;ITA;2:36.32;4.34;124.38;37.69;Head;17.01.2009
35;61;533842;FRANCIS;Kevin;1982;USA;2:36.48;4.5;128.83;39.08;Atomic;17.01.2009
35;41;561067;PERKO;Rok;1985;SLO;2:36.48;4.5;128.83;39.08;Stoeckli;17.01.2009
37;25;501076;OLSSON;Hans;1984;SWE;2:36.54;4.56;130.5;39.61;Head;17.01.2009
38;11;292514;HEEL;Werner;1982;ITA;2:36.94;4.96;141.59;43.08;Rossignol;17.01.2009
39;46;510747;GRUENENFELDER;Tobias;1977;SUI;2:37.24;5.26;149.87;45.68;Stoeckli;17.01.2009
40;50;380292;ZRNCIC−DIM;Natko;1986;CRO;2:37.27;5.29;150.69;45.95;Atomic;17.01.2009
41;56;294277;KLOTZ;Siegmar;1987;ITA;2:37.36;5.38;153.17;46.73;Nordica;17.01.2009
42;53;291459;PARIS;Dominik;1989;ITA;2:37.42;5.44;154.82;47.25;Nordica;17.01.2009
43;51;201542;STRODL;Peter;1982;GER;2:37.44;5.46;155.37;47.42;Atomic;17.01.2009
44;49;511139;KUENG;Patrick;1984;SUI;2:37.47;5.49;156.19;47.68;Salomon;17.01.2009
45;63;501026;RAINER;Niklas;1983;SWE;2:38.35;6.37;180.22;55.33;Fischer;17.01.2009
46;59;51327;PUCHNER;Joachim;1987;AUT;2:38.36;6.38;180.49;55.41;Atomic;17.01.2009
47;37;192932;FAYED;Guillermo;1985;FRA;2:38.39;6.41;181.3;55.67;Dynastar;17.01.2009
48;36;50919;STRUGER;Peter;1982;AUT;2:38.83;6.85;193.21;59.49;Salomon;17.01.2009
49;43;533762;TRANSUE;Jeremy;1983;USA;2:39.00;7.02;197.8;60.97;Rossignol;17.01.2009
50;21;50753;KROELL;Klaus;1980;AUT;2:39.33;7.35;206.67;63.84;Salomon;17.01.2009
51;64;103375;NELLA;Tyler;1988;CAN;2:39.56;7.58;212.83;65.83;Unknown;17.01.2009
52;38;201811;STECHERT;Tobias;1985;GER;2:39.60;7.62;213.89;66.18;Head;17.01.2009
53;48;150421;ZAHROBSKY;Petr;1980;CZE;2:39.65;7.67;215.23;66.62;Head;17.01.2009
54;62;561085;KRIZAJ;Andrej;1986;SLO;2:39.83;7.85;220.03;68.18;Stoeckli;17.01.2009
55;65;220656;DRAKE;Edward;1986;GBR;2:39.92;7.94;222.43;68.96;Dynastar;17.01.2009
56;66;380298;SIROKI;Tin;1987;CRO;2:43.44;11.46;314.13;99.53;Atomic;17.01.2009
57;67;60159;VAN BUYNDER;Frederik;1988;BEL;2:45.43;13.45;364.24;116.82;Unknown;17.01.2009
1;20;532431;MILLER;Bode;1977;USA;2:30.40;0;0;0;Head;13.01.2008
2;22;510030;CUCHE;Didier;1974;SUI;2:31.05;0.65;19.28;5.83;Head;13.01.2008
3;15;102899;OSBORNE−PARADIS;Manuel;1984;CAN;2:31.73;1.33;39.27;11.94;Rossignol;13.01.2008
4;18;50041;WALCHHOFER;Michael;1975;AUT;2:31.77;1.37;40.44;12.3;Atomic;13.01.2008
5;10;50695;BUDER;Andreas;1979;AUT;2:32.16;1.76;51.82;15.8;Head;13.01.2008
6;16;560332;JERMAN;Andrej;1978;SLO;2:32.26;1.86;54.73;16.7;Stoeckli;13.01.2008
7;23;533131;SULLIVAN;Marco;1980;USA;2:32.34;1.94;57.05;17.41;Nordica;13.01.2008
8;9;291641;SULZENBACHER;Kurt;1976;ITA;2:32.44;2.04;59.95;18.31;Fischer;13.01.2008
9;13;50423;MAIER;Hermann;1972;AUT;2:32.57;2.17;63.72;19.48;Head;13.01.2008
10;1;50858;STREITBERGER;Georg;1981;AUT;2:32.75;2.35;68.92;21.09;Fischer;13.01.2008
11;8;533866;NYMAN;Steven;1982;USA;2:32.80;2.4;70.37;21.54;Fischer;13.01.2008
12;11;510767;HOFFMANN;Ambrosi;1977;SUI;2:32.82;2.42;70.94;21.72;Head;13.01.2008
13;27;290998;STAUDACHER;Patrick;1980;ITA;2:32.97;2.57;75.27;23.07;Head;13.01.2008
14;17;350032;BUECHEL;Marco;1971;LIE;2:32.98;2.58;75.55;23.16;Head;13.01.2008
15;3;292514;HEEL;Werner;1982;ITA;2:33.00;2.6;76.13;23.34;Rossignol;13.01.2008
16;7;50753;KROELL;Klaus;1980;AUT;2:33.07;2.67;78.14;23.97;Salomon;13.01.2008
17;12;510727;DEFAGO;Didier;1977;SUI;2:33.09;2.69;78.72;24.15;Rossignol;13.01.2008
18;14;50451;GRUBER;Christoph;1976;AUT;2:33.38;2.98;87.04;26.75;Fischer;13.01.2008
19;28;102873;KUCERA;John;1984;CAN;2:33.48;3.08;89.9;27.65;Atomic;13.01.2008
20;29;191116;DALCIN;Pierre−Emmanuel;1977;FRA;2:33.51;3.11;90.76;27.92;Atomic;13.01.2008
20;6;191591;BERTRAND;Yannick;1980;FRA;2:33.51;3.11;90.76;27.92;Dynastar;13.01.2008
22;21;292455;FILL;Peter;1982;ITA;2:33.52;3.12;91.05;28.01;Dynastar;13.01.2008
23;33;561067;PERKO;Rok;1985;SLO;2:33.63;3.23;94.19;28.99;Stoeckli;13.01.2008
24;32;501076;OLSSON;Hans;1984;SWE;2:33.65;3.25;94.76;29.17;Head;13.01.2008
25;30;532490;MACARTNEY;Scott;1978;USA;2:33.71;3.31;96.47;29.71;Nordica;13.01.2008
25;2;191740;CLAREY;Johan;1981;FRA;2:33.71;3.31;96.47;29.71;Rossignol;13.01.2008
27;24;510993;ALBRECHT;Daniel;1983;SUI;2:33.74;3.34;97.33;29.98;Atomic;13.01.2008
28;45;291389;FISCHNALLER;Roland;1975;ITA;2:33.78;3.38;98.47;30.34;Head;13.01.2008
29;38;201606;KEPPLER;Stephan;1983;GER;2:33.80;3.4;99.04;30.52;Head;13.01.2008
30;5;293006;INNERHOFER;Christof;1984;ITA;2:33.82;3.42;99.61;30.7;Rossignol;13.01.2008
31;19;102263;GUAY;Erik;1981;CAN;2:33.94;3.54;103.02;31.78;Atomic;13.01.2008
32;4;191415;BOTTOLLIER−LASQUIN;Marc;1979;FRA;2:34.06;3.66;106.43;32.85;Dynastar;13.01.2008
33;34;510498;ZUEGER;Cornel;1981;SUI;2:34.30;3.9;113.23;35.01;Stoeckli;13.01.2008
34;35;510165;HOFER;Beni;1978;SUI;2:34.31;3.91;113.52;35.1;Head;13.01.2008
35;26;192746;THEAUX;Adrien;1984;FRA;2:34.47;4.07;118.04;36.53;Rossignol;13.01.2008
36;48;510969;BONETTI;Michael;1982;SUI;2:34.50;4.1;118.89;36.8;Head;13.01.2008
36;44;380292;ZRNCIC−DIM;Natko;1986;CRO;2:34.50;4.1;118.89;36.8;Atomic;13.01.2008
38;31;191964;POISSON;David;1982;FRA;2:34.64;4.24;122.83;38.06;Salomon;13.01.2008
39;54;420911;SOLBAKKEN;Bjarne;1977;NOR;2:34.70;4.3;124.52;38.6;Nordica;13.01.2008
40;43;510207;HARI;Konrad;1978;SUI;2:34.77;4.37;126.49;39.23;Salomon;13.01.2008
41;46;292291;THANEI;Stefan;1981;ITA;2:34.82;4.42;127.9;39.67;Dynastar;13.01.2008
42;36;102814;BOURQUE;Francois;1984;CAN;2:35.02;4.62;133.52;41.47;Salomon;13.01.2008
43;25;510747;GRUENENFELDER;Tobias;1977;SUI;2:35.07;4.67;134.92;41.92;Stoeckli;13.01.2008
44;51;50742;REICHELT;Hannes;1980;AUT;2:35.38;4.98;143.59;44.7;Fischer;13.01.2008
45;47;201439;STEHLE;Johannes;1981;GER;2:35.64;5.24;150.83;47.03;Head;13.01.2008
46;40;220228;MICKEL;Finlay;1977;GBR;2:35.82;5.42;155.83;48.65;Atomic;13.01.2008
47;56;201811;STECHERT;Tobias;1985;GER;2:35.94;5.54;159.16;49.73;Head;13.01.2008
48;53;292967;EISATH;Florian;1984;ITA;2:36.05;5.65;162.2;50.71;Atomic;13.01.2008
49;37;192932;FAYED;Guillermo;1985;FRA;2:36.06;5.66;162.48;50.8;Unknown;13.01.2008
50;52;501026;RAINER;Niklas;1983;SWE;2:36.59;6.19;177.09;55.56;Fischer;13.01.2008
51;55;501230;ERICSSON;Daniel;1987;SWE;2:37.75;7.35;208.74;65.97;Unknown;13.01.2008
52;49;293141;VARETTONI;Silvano;1984;ITA;2:38.14;7.74;219.27;69.47;Atomic;13.01.2008
53;57;60159;VAN BUYNDER;Frederik;1988;BEL;2:42.27;11.87;327.71;106.55;Unknown;13.01.2008
